username,role
larsks,maintainer
erikerlandson,member
leseb,member
LaVLaS,member
cybette,member
cooktheryan,member
MichaelClifford,member
hemajv,member
tumido,member
srampal,member
Shreyanand,member
EldritchJS,member
sallyom,member
JudeNiroshan,member
Gregory-Pereira,member
joachimweyl,maintainer
DanNiESh,member
gagansk,member
ilya-kolchinsky,member
tssala23,member
sauagarwa,member
vbelouso,member
pavolloffay,member
tsisodia10,member
AIMikav,member
suppathak,member
anyuzoey,member
EoghanOConnor,member
kevincogan,member
donaldh,member
PalmPalm7,member
tesseract-rh,member
deewhyweb,member
rcarrata,member
rlopez133,member
screeley44,member
VaishnaviHire,member
vaibhavjainwiz,member
Ibrahim-Haroon,member
hexfusion,member
NickCao,member
rawagner,member
fzdarsky,member
oglok,member
rhuss,member
sabre1041,member
ardaguclu,member
mrunalp,member
manusa,member
ladas,member
pavelanni,member
taagarwa-rh,member
lmzuccarelli,member
vraiti,member
varshaprasad96,member
Shaun-Walsh,member
DeanKelly751,member
ricmitch-commits,member
treeinrandomforest,member
rounakbende10,member
